ONETSOC Code,Title,Occupation Green Potential Index
11-1011.00,Chief Executives,3.53
11-1011.03,Chief Sustainability Officers,17.06
11-1021.00,General and Operations Managers,2.66
11-2011.00,Advertising and Promotions Managers,4.68
11-2021.00,Marketing Managers,5.44
11-2022.00,Sales Managers,1.19
11-3012.00,Administrative Services Managers,1.04
11-3021.00,Computer and Information Systems Managers,2.19
11-3031.00,Financial Managers,0.42
11-3031.01,Treasurers and Controllers,0.63
11-3031.03,Investment Fund Managers,1.45
11-3051.00,Industrial Production Managers,1.44
11-3051.01,Quality Control Systems Managers,4.87
11-3051.02,Geothermal Production Managers,16.76
11-3051.03,Biofuels Production Managers,12.71
11-3051.04,Biomass Power Plant Managers,14.48
11-3051.06,Hydroelectric Production Managers,15.04
11-3061.00,Purchasing Managers,4.33
11-3071.00,"Transportation, Storage, and Distribution Managers",4.04
11-3071.04,Supply Chain Managers,10.36
11-3111.00,Compensation and Benefits Managers,1.07
11-3121.00,Human Resources Managers,1.60
11-3131.00,Training and Development Managers,1.71
11-9013.00,"Farmers, Ranchers, and Other Agricultural Managers",5.80
11-9021.00,Construction Managers,9.61
11-9031.00,"Education and Childcare Administrators, Preschool and Daycare",2.06
11-9032.00,"Education Administrators, Kindergarten through Secondary",2.73
11-9033.00,"Education Administrators, Postsecondary",3.42
11-9041.00,Architectural and Engineering Managers,8.05
11-9041.01,Biofuels/Biodiesel Technology and Product Development Managers,17.30
11-9051.00,Food Service Managers,3.58
11-9071.00,Gambling Managers,0.69
11-9081.00,Lodging Managers,3.82
11-9111.00,Medical and Health Services Managers,2.53
11-9121.00,Natural Sciences Managers,1.44
11-9121.01,Clinical Research Coordinators,1.88
11-9121.02,Water Resource Specialists,19.17
11-9131.00,Postmasters and Mail Superintendents,0.67
11-9141.00,"Property, Real Estate, and Community Association Managers",4.33
11-9151.00,Social and Community Service Managers,1.73
11-9161.00,Emergency Management Directors,2.92
11-9171.00,Funeral Home Managers,0.25
11-9179.01,Fitness and Wellness Coordinators,0.88
11-9179.02,Spa Managers,3.81
11-9199.01,Regulatory Affairs Managers,6.71
11-9199.02,Compliance Managers,7.94
11-9199.08,Loss Prevention Managers,2.52
11-9199.09,Wind Energy Operations Managers,11.50
11-9199.10,Wind Energy Development Managers,11.30
11-9199.11,Brownfield Redevelopment Specialists and Site Managers,19.84
13-1011.00,"Agents and Business Managers of Artists, Performers, and Athletes",1.71
13-1021.00,"Buyers and Purchasing Agents, Farm Products",2.94
13-1022.00,"Wholesale and Retail Buyers, Except Farm Products",6.50
13-1023.00,"Purchasing Agents, Except Wholesale, Retail, and Farm Products",3.16
13-1031.00,"Claims Adjusters, Examiners, and Investigators",2.97
13-1032.00,"Insurance Appraisers, Auto Damage",2.54
13-1041.00,Compliance Officers,0.32
13-1041.01,Environmental Compliance Inspectors,14.08
13-1041.03,Equal Opportunity Representatives and Officers,0.47
13-1041.04,Government Property Inspectors and Investigators,1.15
13-1041.06,Coroners,0.38
13-1041.07,Regulatory Affairs Specialists,7.83
13-1041.08,Customs Brokers,2.17
13-1051.00,Cost Estimators,2.08
13-1071.00,Human Resources Specialists,0.78
13-1074.00,Farm Labor Contractors,2.24
13-1075.00,Labor Relations Specialists,1.33
13-1081.00,Logisticians,3.88
13-1081.01,Logistics Engineers,9.60
13-1081.02,Logistics Analysts,7.10
13-1111.00,Management Analysts,1.18
13-1121.00,"Meeting, Convention, and Event Planners",4.84
13-1131.00,Fundraisers,13.16
13-1141.00,"Compensation, Benefits, and Job Analysis Specialists",1.69
13-1151.00,Training and Development Specialists,2.85
13-1161.00,Market Research Analysts and Marketing Specialists,1.37
13-1161.01,Search Marketing Strategists,3.21
13-1199.04,Business Continuity Planners,2.00
13-1199.05,Sustainability Specialists,13.19
13-1199.06,Online Merchants,3.56
13-2011.00,Accountants and Auditors,0.91
13-2023.00,Appraisers and Assessors of Real Estate,1.02
13-2031.00,Budget Analysts,1.80
13-2041.00,Credit Analysts,0.05
13-2052.00,Personal Financial Advisors,2.03
13-2053.00,Insurance Underwriters,0.22
13-2061.00,Financial Examiners,0.77
13-2071.00,Credit Counselors,0.00
13-2072.00,Loan Officers,0.22
13-2081.00,"Tax Examiners and Collectors, and Revenue Agents",0.75
13-2082.00,Tax Preparers,1.33
13-2099.01,Financial Quantitative Analysts,6.33
13-2099.04,"Fraud Examiners, Investigators and Analysts",0.00
15-1211.00,Computer Systems Analysts,2.90
15-1211.01,Health Informatics Specialists,2.10
15-1212.00,Information Security Analysts,0.33
15-1221.00,Computer and Information Research Scientists,2.39
15-1231.00,Computer Network Support Specialists,3.12
15-1232.00,Computer User Support Specialists,3.68
15-1241.00,Computer Network Architects,5.04
15-1241.01,Telecommunications Engineering Specialists,4.75
15-1242.00,Database Administrators,0.71
15-1243.00,Database Architects,0.00
15-1243.01,Data Warehousing Specialists,0.17
15-1244.00,Network and Computer Systems Administrators,4.18
15-1251.00,Computer Programmers,1.17
15-1253.00,Software Quality Assurance Analysts and Testers,4.24
15-1254.00,Web Developers,1.58
15-1255.01,Video Game Designers,0.80
15-1299.01,Web Administrators,1.91
15-1299.02,Web Administrators,0.92
15-1299.03,Document Management Specialists,2.74
15-1299.08,Computer Systems Engineers/Architects,3.35
15-1299.09,Information Technology Project Managers,3.62
15-2011.00,Actuaries,0.58
15-2021.00,Mathematicians,2.35
15-2031.00,Operations Research Analysts,2.58
15-2041.00,Statisticians,2.18
15-2041.01,Biostatisticians,2.14
15-2051.01,Business Intelligence Analysts,1.51
15-2051.02,Clinical Data Managers,2.87
15-2099.01,Bioinformatics Technicians,0.60
17-1011.00,"Architects, Except Landscape and Naval",8.40
17-1012.00,Landscape Architects,9.08
17-1021.00,Cartographers and Photogrammetrists,0.29
17-1022.00,Surveyors,3.39
17-1022.01,Geodetic Surveyors,1.48
17-2011.00,Aerospace Engineers,6.15
17-2021.00,Agricultural Engineers,5.63
17-2031.00,Bioengineers and Biomedical Engineers,0.48
17-2041.00,Chemical Engineers,4.65
17-2051.00,Civil Engineers,8.65
17-2051.01,Transportation Engineers,10.28
17-2051.02,Water/Wastewater Engineers,25.97
17-2061.00,Computer Hardware Engineers,2.65
17-2071.00,Electrical Engineers,6.73
17-2072.00,"Electronics Engineers, Except Computer",4.19
17-2072.01,Radio Frequency Identification Device Specialists,0.75
17-2081.00,Environmental Engineers,21.37
17-2111.00,"Health and Safety Engineers, Except Mining Safety Engineers and Inspectors",6.35
17-2111.02,Fire-Prevention and Protection Engineers,0.60
17-2112.00,Industrial Engineers,1.79
17-2112.01,Human Factors Engineers and Ergonomists,4.50
17-2112.02,Validation Engineers,3.39
17-2112.03,Manufacturing Engineers,4.99
17-2121.00,Marine Engineers and Naval Architects,4.78
17-2131.00,Materials Engineers,2.04
17-2141.00,Mechanical Engineers,8.05
17-2141.01,Fuel Cell Engineers,22.68
17-2141.02,Automotive Engineers,10.74
17-2151.00,"Mining and Geological Engineers, Including Mining Safety Engineers",3.87
17-2161.00,Nuclear Engineers,10.37
17-2171.00,Petroleum Engineers,5.25
17-2199.03,"Energy Engineers, Except Wind and Solar",20.03
17-2199.05,Mechatronics Engineers,3.48
17-2199.06,Microsystems Engineers,2.90
17-2199.07,Photonics Engineers,7.78
17-2199.08,Robotics Engineers,4.15
17-2199.09,Nanosystems Engineers,9.75
17-2199.10,Wind Energy Engineers,15.10
17-2199.11,Solar Energy Systems Engineers,12.33
17-3011.00,Architectural and Civil Drafters,2.66
17-3012.00,Electrical and Electronics Drafters,1.76
17-3013.00,Mechanical Drafters,0.00
17-3021.00,Aerospace Engineering and Operations Technologists and Technicians,1.48
17-3022.00,Civil Engineering Technologists and Technicians,2.84
17-3023.00,Electrical and Electronic Engineering Technologists and Technicians,4.02
17-3024.00,Electro-Mechanical and Mechatronics Technologists and Technicians,6.54
17-3024.01,Robotics Technicians,3.73
17-3025.00,Environmental Engineering Technologists and Technicians,18.58
17-3026.00,Industrial Engineering Technologists and Technicians,1.69
17-3026.01,Nanotechnology Engineering Technologists and Technicians,6.99
17-3027.00,Mechanical Engineering Technologists and Technicians,5.00
17-3027.01,Automotive Engineering Technicians,6.06
17-3029.01,Non-Destructive Testing Specialists,2.79
17-3029.08,Photonics Technicians,7.65
17-3031.00,Surveying and Mapping Technicians,2.17
19-1011.00,Animal Scientists,0.00
19-1012.00,Food Scientists and Technologists,0.48
19-1013.00,Soil and Plant Scientists,15.19
19-1021.00,Biochemists and Biophysicists,3.15
19-1022.00,Microbiologists,1.02
19-1023.00,Zoologists and Wildlife Biologists,2.16
19-1029.01,Bioinformatics Scientists,1.02
19-1029.02,Molecular and Cellular Biologists,3.21
19-1029.03,Geneticists,2.91
19-1029.04,Biologists,8.45
19-1031.00,Conservation Scientists,20.56
19-1031.02,Range Managers,7.11
19-1031.03,Park Naturalists,1.79
19-1032.00,Foresters,4.55
19-1041.00,Epidemiologists,2.22
19-1042.00,"Medical Scientists, Except Epidemiologists",1.72
19-2011.00,Astronomers,1.41
19-2012.00,Physicists,4.32
19-2021.00,Atmospheric and Space Scientists,16.16
19-2031.00,Chemists,2.11
19-2032.00,Materials Scientists,1.97
19-2041.00,"Environmental Scientists and Specialists, Including Health",15.16
19-2041.01,Climate Change Policy Analysts,12.95
19-2041.02,Environmental Restoration Planners,20.11
19-2041.03,Industrial Ecologists,34.54
19-2042.00,"Geoscientists, Except Hydrologists and Geographers",18.00
19-2043.00,Hydrologists,18.52
19-2099.01,Remote Sensing Scientists and Technologists,4.24
19-3011.00,Economists,1.23
19-3011.01,Environmental Economists,15.86
19-3022.00,Survey Researchers,3.67
19-3032.00,Industrial-Organizational Psychologists,2.26
19-3033.00,Clinical and Counseling Psychologists,0.00
19-3034.00,School Psychologists,0.00
19-3041.00,Sociologists,0.53
19-3051.00,Urban and Regional Planners,10.32
19-3091.00,Anthropologists and Archeologists,2.40
19-3092.00,Geographers,1.23
19-3093.00,Historians,0.33
19-3094.00,Political Scientists,0.95
19-3099.01,Transportation Planners,8.37
19-4012.00,Agricultural Technicians,8.78
19-4012.01,Precision Agriculture Technicians,7.04
19-4013.00,Food Science Technicians,2.22
19-4021.00,Biological Technicians,2.17
19-4031.00,Chemical Technicians,3.11
19-4042.00,"Environmental Science and Protection Technicians, Including Health",16.34
19-4043.00,"Geological Technicians, Except Hydrologic Technicians",4.69
19-4051.00,Nuclear Technicians,8.83
19-4051.02,Nuclear Monitoring Technicians,10.10
19-4061.00,Social Science Research Assistants,1.83
19-4071.00,Forest and Conservation Technicians,5.40
19-4092.00,Forensic Science Technicians,1.38
19-4099.01,Quality Control Analysts,4.35
19-4099.03,Remote Sensing Technicians,2.55
19-5011.00,Occupational Health and Safety Specialists,12.40
19-5012.00,Occupational Health and Safety Technicians,10.59
21-1011.00,Substance Abuse and Behavioral Disorder Counselors,0.63
21-1012.00,"Educational, Guidance, and Career Counselors and Advisors",0.22
21-1013.00,Marriage and Family Therapists,0.38
21-1014.00,Mental Health Counselors,0.00
21-1015.00,Rehabilitation Counselors,0.13
21-1021.00,"Child, Family, and School Social Workers",1.28
21-1022.00,Healthcare Social Workers,0.50
21-1023.00,Mental Health and Substance Abuse Social Workers,0.60
21-1091.00,Health Education Specialists,2.40
21-1092.00,Probation Officers and Correctional Treatment Specialists,0.38
21-1093.00,Social and Human Service Assistants,2.25
21-1094.00,Community Health Workers,2.50
21-2011.00,Clergy,2.67
21-2021.00,"Directors, Religious Activities and Education",3.17
23-1011.00,Lawyers,2.18
23-1012.00,Judicial Law Clerks,1.88
23-1021.00,"Administrative Law Judges, Adjudicators, and Hearing Officers",1.13
23-1022.00,"Arbitrators, Mediators, and Conciliators",2.40
23-1023.00,"Judges, Magistrate Judges, and Magistrates",1.19
23-2011.00,Paralegals and Legal Assistants,1.13
23-2093.00,"Title Examiners, Abstractors, and Searchers",0.78
25-1011.00,"Business Teachers, Postsecondary",1.21
25-1021.00,"Computer Science Teachers, Postsecondary",2.21
25-1022.00,"Mathematical Science Teachers, Postsecondary",1.21
25-1031.00,"Architecture Teachers, Postsecondary",1.21
25-1032.00,"Engineering Teachers, Postsecondary",2.21
25-1041.00,"Agricultural Sciences Teachers, Postsecondary",2.21
25-1042.00,"Biological Science Teachers, Postsecondary",2.21
25-1043.00,"Forestry and Conservation Science Teachers, Postsecondary",2.21
25-1051.00,"Atmospheric, Earth, Marine, and Space Sciences Teachers, Postsecondary",2.21
25-1052.00,"Chemistry Teachers, Postsecondary",2.81
25-1053.00,"Environmental Science Teachers, Postsecondary",2.21
25-1054.00,"Physics Teachers, Postsecondary",2.21
25-1061.00,"Anthropology and Archeology Teachers, Postsecondary",2.21
25-1062.00,"Area, Ethnic, and Cultural Studies Teachers, Postsecondary",1.21
25-1063.00,"Economics Teachers, Postsecondary",1.21
25-1064.00,"Geography Teachers, Postsecondary",2.28
25-1065.00,"Political Science Teachers, Postsecondary",1.21
25-1066.00,"Psychology Teachers, Postsecondary",2.21
25-1067.00,"Sociology Teachers, Postsecondary",2.21
25-1071.00,"Health Specialties Teachers, Postsecondary",2.21
25-1072.00,"Nursing Instructors and Teachers, Postsecondary",3.21
25-1081.00,"Education Teachers, Postsecondary",1.21
25-1082.00,"Library Science Teachers, Postsecondary",1.21
25-1111.00,"Criminal Justice and Law Enforcement Teachers, Postsecondary",1.21
25-1112.00,"Law Teachers, Postsecondary",1.21
25-1113.00,"Social Work Teachers, Postsecondary",2.21
25-1121.00,"Art, Drama, and Music Teachers, Postsecondary",1.21
25-1122.00,"Communications Teachers, Postsecondary",1.21
25-1123.00,"English Language and Literature Teachers, Postsecondary",1.43
25-1124.00,"Foreign Language and Literature Teachers, Postsecondary",1.21
25-1125.00,"History Teachers, Postsecondary",1.21
25-1126.00,"Philosophy and Religion Teachers, Postsecondary",1.21
25-1192.00,"Family and Consumer Sciences Teachers, Postsecondary",1.21
25-1193.00,"Recreation and Fitness Studies Teachers, Postsecondary",1.21
25-1194.00,"Career/Technical Education Teachers, Postsecondary",1.67
25-2011.00,"Preschool Teachers, Except Special Education",0.50
25-2012.00,"Kindergarten Teachers, Except Special Education",0.50
25-2021.00,"Elementary School Teachers, Except Special Education",0.50
25-2022.00,"Middle School Teachers, Except Special and Career/Technical Education",0.50
25-2023.00,"Career/Technical Education Teachers, Middle School",0.50
25-2031.00,"Secondary School Teachers, Except Special and Career/Technical Education",0.50
25-2032.00,"Career/Technical Education Teachers, Secondary School",0.50
25-2051.00,"Special Education Teachers, Preschool",0.00
25-2057.00,"Special Education Teachers, Middle School",0.50
25-2058.00,"Special Education Teachers, Secondary School",0.50
25-2059.01,Adapted Physical Education Specialists,0.60
25-3011.00,"Adult Basic Education, Adult Secondary Education, and English as a Second Language Instructors",1.28
25-3021.00,Self-Enrichment Teachers,0.50
25-3041.00,Tutors,0.00
25-4011.00,Archivists,0.60
25-4012.00,Curators,1.21
25-4013.00,Museum Technicians and Conservators,3.24
25-4022.00,Librarians and Media Collections Specialists,2.11
25-4031.00,Library Technicians,1.61
25-9021.00,Farm and Home Management Educators,4.16
25-9031.00,Instructional Coordinators,0.78
25-9044.00,"Teaching Assistants, Postsecondary",1.58
27-1011.00,Art Directors,0.58
27-1012.00,Craft Artists,1.02
27-1013.00,"Fine Artists, Including Painters, Sculptors, and Illustrators",0.13
27-1014.00,Special Effects Artists and Animators,0.88
27-1021.00,Commercial and Industrial Designers,0.64
27-1022.00,Fashion Designers,0.35
27-1023.00,Floral Designers,2.52
27-1024.00,Graphic Designers,0.40
27-1025.00,Interior Designers,2.83
27-1026.00,Merchandise Displayers and Window Trimmers,2.95
27-1027.00,Set and Exhibit Designers,1.59
27-2011.00,Actors,0.27
27-2012.00,Producers and Directors,0.38
27-2012.03,Media Programming Directors,1.89
27-2012.04,Talent Directors,0.11
27-2012.05,Media Technical Directors/Managers,0.73
27-2021.00,Athletes and Sports Competitors,0.00
27-2022.00,Coaches and Scouts,1.30
27-2023.00,"Umpires, Referees, and Other Sports Officials",0.00
27-2031.00,Dancers,0.00
27-2032.00,Choreographers,0.00
27-2041.00,Audio and Video Technicians,0.00
27-2042.00,Sound Engineering Technicians,0.11
27-3011.00,Broadcast Announcers and Radio Disc Jockeys,1.04
27-3023.00,"News Analysts, Reporters, and Journalists",0.25
27-3031.00,Public Relations Specialists,5.42
27-3041.00,Editors,0.00
27-3042.00,Technical Writers,1.46
27-3043.00,Writers and Authors,1.05
27-3043.05,"Poets, Lyricists and Creative Writers",0.33
27-3091.00,Interpreters and Translators,0.47
27-3092.00,Court Reporters and Simultaneous Captioners,0.38
27-4011.00,Audio and Video Technicians,1.14
27-4012.00,Broadcast Technicians,3.22
27-4014.00,Sound Engineering Technicians,0.50
27-4021.00,Photographers,0.97
27-4031.00,"Camera Operators, Television, Video, and Film",0.19
27-4032.00,Film and Video Editors,0.20
29-1011.00,Chiropractors,0.00
29-1021.00,"Dentists, General",0.00
29-1022.00,Oral and Maxillofacial Surgeons,0.00
29-1023.00,Orthodontists,0.00
29-1024.00,Prosthodontists,0.00
29-1031.00,Dietitians and Nutritionists,1.15
29-1041.00,Optometrists,0.00
29-1051.00,Pharmacists,1.25
29-1071.00,Physician Assistants,0.00
29-1071.01,Anesthesiologist Assistants,0.10
29-1081.00,Podiatrists,1.00
29-1122.00,Occupational Therapists,1.15
29-1122.01,"Low Vision Therapists, Orientation and Mobility Specialists, and Vision Rehabilitation Therapists",0.28
29-1123.00,Physical Therapists,0.83
29-1124.00,Radiation Therapists,3.55
29-1125.00,Recreational Therapists,0.00
29-1126.00,Respiratory Therapists,0.62
29-1127.00,Speech-Language Pathologists,0.00
29-1128.00,Exercise Physiologists,0.08
29-1129.01,Art Therapists,0.33
29-1129.02,Music Therapists,1.00
29-1131.00,Veterinarians,1.00
29-1141.00,Registered Nurses,2.45
29-1141.01,Acute Care Nurses,0.20
29-1141.02,Advanced Practice Psychiatric Nurses,0.00
29-1141.03,Critical Care Nurses,1.06
29-1141.04,Clinical Nurse Specialists,2.70
29-1151.00,Nurse Anesthetists,0.10
29-1161.00,Nurse Midwives,0.10
29-1171.00,Nurse Practitioners,3.01
29-1181.00,Audiologists,0.47
29-1211.00,Anesthesiologists,0.25
29-1213.00,Dermatologists,0.10
29-1215.00,Family Medicine Physicians,0.25
29-1216.00,General Internal Medicine Physicians,0.25
29-1217.00,Neurologists,0.10
29-1218.00,Obstetricians and Gynecologists,0.25
29-1221.00,"Pediatricians, General",0.25
29-1222.00,"Physicians, Pathologists",1.10
29-1223.00,Psychiatrists,0.00
29-1224.00,Radiologists,0.00
29-1229.01,Allergists and Immunologists,0.00
29-1229.02,Hospitalists,1.19
29-1229.03,Urologists,0.00
29-1229.04,Physical Medicine and Rehabilitation Physicians,0.00
29-1229.05,Preventive Medicine Physicians,1.42
29-1229.06,Sports Medicine Physicians,0.00
29-1241.00,"Ophthalmologists, Except Pediatric",0.00
29-1291.00,Acupuncturists,0.66
29-1292.00,Dental Hygienists,0.67
29-1299.01,Naturopathic Physicians,1.25
29-1299.02,Orthoptists,0.00
29-2011.00,Medical and Clinical Laboratory Technologists,1.47
29-2011.01,Cytogenetic Technologists,2.30
29-2011.02,Cytotechnologists,1.38
29-2012.00,Medical and Clinical Laboratory Technicians,1.58
29-2031.00,Cardiovascular Technologists and Technicians,0.00
29-2032.00,Diagnostic Medical Sonographers,0.54
29-2033.00,Nuclear Medicine Technologists,3.82
29-2034.00,Radiologic Technologists and Technicians,1.19
29-2035.00,Magnetic Resonance Imaging Technologists,0.79
29-2051.00,Dietetic Technicians,0.58
29-2052.00,Pharmacy Technicians,1.08
29-2053.00,Psychiatric Technicians,0.00
29-2055.00,Surgical Technologists,0.45
29-2056.00,Veterinary Technologists and Technicians,0.58
29-2057.00,Ophthalmic Medical Technicians,0.00
29-2061.00,Licensed Practical and Licensed Vocational Nurses,1.33
29-2081.00,"Opticians, Dispensing",0.17
29-2091.00,Orthotists and Prosthetists,1.64
29-2092.00,Hearing Aid Specialists,0.10
29-2099.01,Neurodiagnostic Technologists,0.60
29-2099.05,Ophthalmic Medical Technologists,0.00
29-2099.08,Patient Representatives,0.43
29-9091.00,Athletic Trainers,0.50
29-9092.00,Genetic Counselors,1.88
29-9093.00,Surgical Assistants,1.00
29-9099.01,Midwives,0.75
31-1121.00,Home Health Aides,0.00
31-1122.00,Personal Care Aides,1.25
31-1131.00,Nursing Assistants,2.64
31-1132.00,Orderlies,6.17
31-1133.00,Psychiatric Aides,0.50
31-2011.00,Occupational Therapy Assistants,0.50
31-2012.00,Occupational Therapy Aides,0.20
31-2021.00,Physical Therapist Assistants,0.50
31-2022.00,Physical Therapist Aides,1.50
31-9011.00,Massage Therapists,0.00
31-9091.00,Dental Assistants,1.00
31-9092.00,Medical Assistants,0.38
31-9093.00,Medical Equipment Preparers,2.90
31-9094.00,Medical Transcriptionists,0.47
31-9095.00,Pharmacy Aides,1.57
31-9096.00,Veterinary Assistants and Laboratory Animal Caretakers,0.50
31-9097.00,Phlebotomists,2.57
31-9099.01,Speech-Language Pathology Assistants,1.36
31-9099.02,Endoscopy Technicians,0.43
33-1011.00,First-Line Supervisors of Correctional Officers,2.35
33-1012.00,First-Line Supervisors of Police and Detectives,0.99
33-1021.00,First-Line Supervisors of Police and Detectives,1.92
33-2011.00,Firefighters,2.94
33-2021.00,Fire Inspectors and Investigators,3.31
33-2022.00,Forest Fire Inspectors and Prevention Specialists,1.87
33-3011.00,Bailiffs,1.00
33-3012.00,Correctional Officers and Jailers,2.10
33-3021.00,Detectives and Criminal Investigators,1.38
33-3021.02,Police Identification and Records Officers,0.38
33-3021.06,Intelligence Analysts,0.51
33-3031.00,Fish and Game Wardens,4.34
33-3041.00,Parking Enforcement Workers,2.55
33-3051.00,Police and Sheriff's Patrol Officers,2.51
33-3051.04,Customs and Border Protection Officers,0.13
33-3052.00,Transit and Railroad Police,0.13
33-9011.00,Animal Control Workers,0.00
33-9021.00,Private Detectives and Investigators,0.88
33-9031.00,Gambling Surveillance Officers and Gambling Investigators,0.67
33-9032.00,Security Guards,2.87
33-9091.00,Crossing Guards and Flaggers,1.25
33-9092.00,"Lifeguards, Ski Patrol, and Other Recreational Protective Service Workers",2.96
33-9093.00,Transportation Security Screeners,0.67
33-9099.02,Retail Loss Prevention Specialists,2.06
35-1011.00,Chefs and Head Cooks,1.86
35-1012.00,First-Line Supervisors of Food Preparation and Serving Workers,2.28
35-2011.00,"Cooks, Fast Food",1.93
35-2012.00,"Cooks, Institution and Cafeteria",1.19
35-2013.00,"Cooks, Private Household",0.50
35-2014.00,"Cooks, Restaurant",0.72
35-2015.00,"Cooks, Short Order",0.83
35-2021.00,Food Preparation Workers,0.50
35-3011.00,Bartenders,1.06
35-3023.00,Fast Food and Counter Workers,0.44
35-3023.01,Baristas,3.29
35-3031.00,Waiters and Waitresses,0.13
35-3041.00,"Food Servers, Nonrestaurant",0.50
35-9011.00,Dining Room and Cafeteria Attendants and Bartender Helpers,1.00
35-9021.00,Dishwashers,3.72
35-9031.00,"Hosts and Hostesses, Restaurant, Lounge, and Coffee Shop",2.52
37-1011.00,First-Line Supervisors of Housekeeping and Janitorial Workers,3.29
37-1012.00,"First-Line Supervisors of Landscaping, Lawn Service, and Groundskeeping Workers",6.98
37-2011.00,"Janitors and Cleaners, Except Maids and Housekeeping Cleaners",8.25
37-2012.00,Maids and Housekeeping Cleaners,7.83
37-2021.00,Pest Control Workers,5.73
37-3011.00,Landscaping and Groundskeeping Workers,7.80
37-3012.00,"Pesticide Handlers, Sprayers, and Applicators, Vegetation",2.83
37-3013.00,Tree Trimmers and Pruners,4.38
39-1013.00,First-Line Supervisors of Gambling Services Workers,2.14
39-1022.00,First-Line Supervisors of Personal Service Workers,1.32
39-2011.00,Animal Trainers,0.00
39-2021.00,Animal Caretakers,0.62
39-3011.00,Gambling Dealers,0.36
39-3012.00,Gambling and Sports Book Writers and Runners,0.32
39-3021.00,Motion Picture Projectionists,1.65
39-3031.00,"Ushers, Lobby Attendants, and Ticket Takers",1.43
39-3091.00,Amusement and Recreation Attendants,2.84
39-3092.00,Costume Attendants,1.18
39-3093.00,"Locker Room, Coatroom, and Dressing Room Attendants",3.25
39-4011.00,Embalmers,0.00
39-4021.00,Funeral Attendants,0.00
39-4031.00,"Morticians, Undertakers, and Funeral Arrangers",0.00
39-5011.00,Barbers,0.33
39-5012.00,"Hairdressers, Hairstylists, and Cosmetologists",2.06
39-5091.00,"Makeup Artists, Theatrical and Performance",0.13
39-5092.00,Manicurists and Pedicurists,1.50
39-5093.00,Shampooers,0.00
39-5094.00,Skincare Specialists,0.60
39-6011.00,Baggage Porters and Bellhops,1.55
39-6012.00,Concierges,0.50
39-7011.00,Tour Guides and Escorts,1.63
39-7012.00,Travel Guides,1.13
39-9011.00,Childcare Workers,0.33
39-9011.01,Nannies,0.60
39-9031.00,Exercise Trainers and Group Fitness Instructors,1.18
39-9032.00,Recreation Workers,1.20
39-9041.00,Residential Advisors,2.31
41-1011.00,First-Line Supervisors of Retail Sales Workers,2.78
41-1012.00,First-Line Supervisors of Non-Retail Sales Workers,2.83
41-2011.00,Cashiers,1.93
41-2012.00,Gambling Change Persons and Booth Cashiers,0.00
41-2021.00,Counter and Rental Clerks,0.63
41-2022.00,Parts Salespersons,2.52
41-2031.00,Retail Salespersons,2.89
41-3011.00,Advertising Sales Agents,2.78
41-3021.00,Insurance Sales Agents,1.17
41-3031.00,"Securities, Commodities, and Financial Services Sales Agents",1.34
41-3041.00,Travel Agents,0.33
41-4011.00,"Sales Representatives, Wholesale and Manufacturing, Technical and Scientific Products",7.65
41-4011.07,Solar Sales Representatives and Assessors,10.72
41-4012.00,"Sales Representatives, Wholesale and Manufacturing, Except Technical and Scientific Products",2.50
41-9011.00,Demonstrators and Product Promoters,3.59
41-9012.00,Models,0.27
41-9021.00,Real Estate Brokers,1.39
41-9022.00,Real Estate Sales Agents,1.90
41-9031.00,Sales Engineers,1.53
41-9041.00,Telemarketers,2.00
41-9091.00,"Door-to-Door Sales Workers, News and Street Vendors, and Related Workers",2.44
43-1011.00,First-Line Supervisors of Office and Administrative Support Workers,3.83
43-2011.00,"Switchboard Operators, Including Answering Service",2.58
43-2021.00,Telephone Operators,4.55
43-3011.00,Bill and Account Collectors,0.00
43-3021.00,Billing and Posting Clerks,1.08
43-3031.00,"Bookkeeping, Accounting, and Auditing Clerks",1.04
43-3041.00,Gambling Cage Workers,0.36
43-3051.00,Payroll and Timekeeping Clerks,0.53
43-3061.00,Procurement Clerks,2.06
43-3071.00,Tellers,1.58
43-4011.00,Brokerage Clerks,0.33
43-4021.00,Correspondence Clerks,0.33
43-4031.00,"Court, Municipal, and License Clerks",3.55
43-4041.00,"Credit Authorizers, Checkers, and Clerks",0.33
43-4051.00,Customer Service Representatives,0.76
43-4061.00,"Eligibility Interviewers, Government Programs",2.38
43-4071.00,File Clerks,2.60
43-4081.00,"Hotel, Motel, and Resort Desk Clerks",1.25
43-4111.00,"Interviewers, Except Eligibility and Loan",1.11
43-4121.00,"Library Assistants, Clerical",0.74
43-4131.00,Loan Interviewers and Clerks,0.33
43-4141.00,New Accounts Clerks,0.00
43-4151.00,Order Clerks,2.70
43-4161.00,"Human Resources Assistants, Except Payroll and Timekeeping",0.36
43-4171.00,Receptionists and Information Clerks,2.57
43-4181.00,Reservation and Transportation Ticket Agents and Travel Clerks,0.90
43-5011.00,Cargo and Freight Agents,2.88
43-5011.01,Freight Forwarders,2.92
43-5021.00,Couriers and Messengers,3.03
43-5031.00,Public Safety Telecommunicators,6.33
43-5032.00,"Dispatchers, Except Police, Fire, and Ambulance",1.79
43-5041.00,"Meter Readers, Utilities",3.27
43-5051.00,Postal Service Clerks,0.33
43-5052.00,Postal Service Mail Carriers,0.00
43-5053.00,"Postal Service Mail Sorters, Processors, and Processing Machine Operators",2.20
43-5061.00,"Production, Planning, and Expediting Clerks",2.96
43-5071.00,"Shipping, Receiving, and Inventory Clerks",2.48
43-5111.00,"Weighers, Measurers, Checkers, and Samplers, Recordkeeping",3.93
43-6011.00,Executive Secretaries and Executive Administrative Assistants,4.28
43-6012.00,Legal Secretaries and Administrative Assistants,3.13
43-6013.00,Medical Secretaries and Administrative Assistants,1.50
43-6014.00,"Secretaries and Administrative Assistants, Except Legal, Medical, and Executive",4.07
43-9021.00,Data Entry Keyers,0.80
43-9022.00,Word Processors and Typists,1.98
43-9031.00,Desktop Publishers,0.00
43-9041.00,Insurance Claims and Policy Processing Clerks,0.38
43-9051.00,"Mail Clerks and Mail Machine Operators, Except Postal Service",4.09
43-9061.00,"Office Clerks, General",3.43
43-9071.00,"Office Machine Operators, Except Computer",2.58
43-9081.00,Proofreaders and Copy Markers,0.00
43-9111.00,Statistical Assistants,0.80
45-1011.00,"First-Line Supervisors of Farming, Fishing, and Forestry Workers",6.50
45-2011.00,Agricultural Inspectors,6.39
45-2021.00,Animal Breeders,0.29
45-2041.00,"Graders and Sorters, Agricultural Products",1.00
45-2091.00,Agricultural Equipment Operators,4.79
45-2092.00,"Farmworkers and Laborers, Crop, Nursery, and Greenhouse",11.12
45-2093.00,"Farmworkers, Farm, Ranch, and Aquacultural Animals",1.13
45-3031.00,Fishing and Hunting Workers,6.30
45-4011.00,Forest and Conservation Workers,4.18
45-4021.00,Fallers,0.77
45-4022.00,Logging Equipment Operators,0.94
45-4023.00,Log Graders and Scalers,0.47
47-1011.00,First-Line Supervisors of Construction Trades and Extraction Workers,2.40
47-1011.03,Solar Energy Installation Managers,11.60
47-2011.00,Boilermakers,3.54
47-2021.00,Brickmasons and Blockmasons,0.83
47-2022.00,Stonemasons,2.50
47-2031.00,Carpenters,4.53
47-2041.00,Carpet Installers,2.50
47-2042.00,"Floor Layers, Except Carpet, Wood, and Hard Tiles",0.96
47-2043.00,Floor Sanders and Finishers,0.00
47-2044.00,Tile and Stone Setters,0.78
47-2051.00,Cement Masons and Concrete Finishers,2.47
47-2053.00,Terrazzo Workers and Finishers,4.55
47-2061.00,Construction Laborers,8.09
47-2071.00,"Paving, Surfacing, and Tamping Equipment Operators",2.64
47-2072.00,Pile Driver Operators,0.17
47-2073.00,Operating Engineers and Other Construction Equipment Operators,5.89
47-2081.00,Drywall and Ceiling Tile Installers,2.38
47-2082.00,Tapers,1.00
47-2111.00,Electricians,5.49
47-2121.00,Glaziers,7.32
47-2131.00,"Insulation Workers, Floor, Ceiling, and Wall",6.33
47-2132.00,"Insulation Workers, Mechanical",8.08
47-2141.00,"Painters, Construction and Maintenance",0.90
47-2142.00,Paperhangers,2.33
47-2151.00,Pipelayers,4.14
47-2152.00,"Plumbers, Pipefitters, and Steamfitters",5.81
47-2152.04,Solar Thermal Installers and Technicians,13.75
47-2161.00,Plasterers and Stucco Masons,5.04
47-2171.00,Reinforcing Iron and Rebar Workers,0.00
47-2181.00,Roofers,11.83
47-2211.00,Sheet Metal Workers,6.05
47-2221.00,Structural Iron and Steel Workers,1.12
47-2231.00,Solar Photovoltaic Installers,19.71
47-3011.00,"Helpers--Brickmasons, Blockmasons, Stonemasons, and Tile and Marble Setters",1.17
47-3012.00,Helpers--Carpenters,2.20
47-3013.00,Helpers--Electricians,3.98
47-3014.00,"Helpers--Painters, Paperhangers, Plasterers, and Stucco Masons",1.03
47-3015.00,"Helpers--Pipelayers, Plumbers, Pipefitters, and Steamfitters",5.58
47-3016.00,Helpers--Roofers,7.18
47-4011.00,Construction and Building Inspectors,8.78
47-4011.01,Energy Auditors,18.81
47-4021.00,Elevator and Escalator Installers and Repairers,2.34
47-4031.00,Fence Erectors,1.23
47-4041.00,Hazardous Materials Removal Workers,18.47
47-4051.00,Highway Maintenance Workers,3.83
47-4061.00,Rail-Track Laying and Maintenance Equipment Operators,1.10
47-4071.00,Septic Tank Servicers and Sewer Pipe Cleaners,5.47
47-4091.00,Segmental Pavers,0.00
47-4099.03,Weatherization Installers and Technicians,14.38
47-5011.00,"Derrick Operators, Oil and Gas",0.75
47-5012.00,"Rotary Drill Operators, Oil and Gas",3.37
47-5013.00,"Service Unit Operators, Oil and Gas",4.47
47-5022.00,"Excavating and Loading Machine and Dragline Operators, Surface Mining",3.52
47-5023.00,"Earth Drillers, Except Oil and Gas",3.89
47-5032.00,"Explosives Workers, Ordnance Handling Experts, and Blasters",3.48
47-5041.00,Continuous Mining Machine Operators,5.56
47-5043.00,"Roof Bolters, Mining",2.56
47-5044.00,"Loading and Moving Machine Operators, Underground Mining",8.21
47-5051.00,"Rock Splitters, Quarry",0.00
47-5071.00,"Roustabouts, Oil and Gas",3.98
47-5081.00,Helpers--Extraction Workers,4.03
49-1011.00,"First-Line Supervisors of Mechanics, Installers, and Repairers",3.67
49-2011.00,"Computer, Automated Teller, and Office Machine Repairers",3.01
49-2021.00,"Radio, Cellular, and Tower Equipment Installers and Repairers",3.51
49-2022.00,"Telecommunications Equipment Installers and Repairers, Except Line Installers",9.33
49-2091.00,Avionics Technicians,1.01
49-2092.00,"Electric Motor, Power Tool, and Related Repairers",9.05
49-2093.00,"Electrical and Electronics Installers and Repairers, Transportation Equipment",2.25
49-2094.00,"Electrical and Electronics Repairers, Commercial and Industrial Equipment",2.89
49-2095.00,"Electrical and Electronics Repairers, Powerhouse, Substation, and Relay",3.93
49-2096.00,"Electronic Equipment Installers and Repairers, Motor Vehicles",3.10
49-2097.00,Audiovisual Equipment Installers and Repairers,1.38
49-2098.00,Security and Fire Alarm Systems Installers,2.31
49-3011.00,Aircraft Mechanics and Service Technicians,5.45
49-3021.00,Automotive Body and Related Repairers,5.34
49-3022.00,Automotive Glass Installers and Repairers,1.60
49-3023.00,Automotive Service Technicians and Mechanics,8.02
49-3031.00,Bus and Truck Mechanics and Diesel Engine Specialists,5.37
49-3041.00,Farm Equipment Mechanics and Service Technicians,3.28
49-3042.00,"Mobile Heavy Equipment Mechanics, Except Engines",2.83
49-3043.00,Rail Car Repairers,4.66
49-3051.00,Motorboat Mechanics and Service Technicians,2.46
49-3052.00,Motorcycle Mechanics,0.39
49-3053.00,Outdoor Power Equipment and Other Small Engine Mechanics,1.35
49-3091.00,Bicycle Repairers,1.53
49-3092.00,Recreational Vehicle Service Technicians,4.52
49-3093.00,Tire Repairers and Changers,2.34
49-9011.00,Mechanical Door Repairers,0.94
49-9012.00,"Control and Valve Installers and Repairers, Except Mechanical Door",8.83
49-9021.00,"Heating, Air Conditioning, and Refrigeration Mechanics and Installers",9.39
49-9031.00,Home Appliance Repairers,5.92
49-9041.00,Industrial Machinery Mechanics,1.65
49-9043.00,"Maintenance Workers, Machinery",3.83
49-9044.00,Millwrights,2.61
49-9045.00,"Refractory Materials Repairers, Except Brickmasons",3.33
49-9051.00,Electrical Power-Line Installers and Repairers,5.82
49-9052.00,Telecommunications Line Installers and Repairers,5.26
49-9061.00,Camera and Photographic Equipment Repairers,0.62
49-9062.00,Medical Equipment Repairers,2.74
49-9063.00,Musical Instrument Repairers and Tuners,2.99
49-9064.00,Watch and Clock Repairers,1.54
49-9071.00,"Maintenance and Repair Workers, General",8.53
49-9081.00,Wind Turbine Service Technicians,9.47
49-9091.00,"Coin, Vending, and Amusement Machine Servicers and Repairers",2.69
49-9092.00,Commercial Divers,6.07
49-9094.00,Locksmiths and Safe Repairers,3.17
49-9095.00,Manufactured Building and Mobile Home Installers,2.18
49-9096.00,Riggers,2.18
49-9097.00,Signal and Track Switch Repairers,3.59
49-9098.00,"Helpers--Installation, Maintenance, and Repair Workers",2.17
49-9099.01,Geothermal Technicians,20.50
51-1011.00,First-Line Supervisors of Production and Operating Workers,2.03
51-2011.00,"Aircraft Structure, Surfaces, Rigging, and Systems Assemblers",4.09
51-2021.00,"Coil Winders, Tapers, and Finishers",2.54
51-2022.00,Electrical and Electronic Equipment Assemblers,2.32
51-2023.00,Electromechanical Equipment Assemblers,3.97
51-2031.00,Engine and Other Machine Assemblers,0.27
51-2041.00,Structural Metal Fabricators and Fitters,2.52
51-2051.00,Fiberglass Laminators and Fabricators,7.83
51-2061.00,Timing Device Assemblers and Adjusters,0.67
51-2092.00,Team Assemblers,1.91
51-3011.00,Bakers,1.17
51-3021.00,Butchers and Meat Cutters,0.22
51-3022.00,"Meat, Poultry, and Fish Cutters and Trimmers",0.00
51-3023.00,Slaughterers and Meat Packers,0.00
51-3091.00,"Food and Tobacco Roasting, Baking, and Drying Machine Operators and Tenders",4.32
51-3092.00,Food Batchmakers,4.04
51-3093.00,Food Cooking Machine Operators and Tenders,4.95
51-4021.00,"Extruding and Drawing Machine Setters, Operators, and Tenders, Metal and Plastic",3.53
51-4022.00,"Forging Machine Setters, Operators, and Tenders, Metal and Plastic",1.44
51-4023.00,"Rolling Machine Setters, Operators, and Tenders, Metal and Plastic",2.71
51-4031.00,"Cutting, Punching, and Press Machine Setters, Operators, and Tenders, Metal and Plastic",4.22
51-4032.00,"Drilling and Boring Machine Tool Setters, Operators, and Tenders, Metal and Plastic",1.19
51-4033.00,"Grinding, Lapping, Polishing, and Buffing Machine Tool Setters, Operators, and Tenders, Metal and Plastic",0.69
51-4034.00,"Lathe and Turning Machine Tool Setters, Operators, and Tenders, Metal and Plastic",1.95
51-4035.00,"Milling and Planing Machine Setters, Operators, and Tenders, Metal and Plastic",2.03
51-4041.00,Machinists,3.62
51-4051.00,Metal-Refining Furnace Operators and Tenders,1.38
51-4052.00,"Pourers and Casters, Metal",3.56
51-4061.00,"Model Makers, Metal and Plastic",0.80
51-4062.00,"Patternmakers, Metal and Plastic",0.00
51-4071.00,Foundry Mold and Coremakers,10.00
51-4072.00,"Molding, Coremaking, and Casting Machine Setters, Operators, and Tenders, Metal and Plastic",11.55
51-4081.00,"Multiple Machine Tool Setters, Operators, and Tenders, Metal and Plastic",2.99
51-4111.00,Tool and Die Makers,1.30
51-4121.00,"Welders, Cutters, Solderers, and Brazers",7.07
51-4122.00,"Welding, Soldering, and Brazing Machine Setters, Operators, and Tenders",5.82
51-4191.00,"Heat Treating Equipment Setters, Operators, and Tenders, Metal and Plastic",3.83
51-4192.00,"Layout Workers, Metal and Plastic",0.00
51-4193.00,"Plating Machine Setters, Operators, and Tenders, Metal and Plastic",9.33
51-4194.00,"Tool Grinders, Filers, and Sharpeners",2.63
51-5111.00,Prepress Technicians and Workers,0.14
51-5112.00,Printing Press Operators,1.81
51-5113.00,Print Binding and Finishing Workers,1.95
51-6011.00,Laundry and Dry-Cleaning Workers,3.17
51-6021.00,"Pressers, Textile, Garment, and Related Materials",0.50
51-6031.00,Sewing Machine Operators,1.79
51-6041.00,Shoe and Leather Workers and Repairers,0.13
51-6042.00,Shoe Machine Operators and Tenders,2.59
51-6051.00,"Sewers, Hand",0.50
51-6052.00,"Tailors, Dressmakers, and Custom Sewers",1.09
51-6061.00,Textile Bleaching and Dyeing Machine Operators and Tenders,2.31
51-6062.00,"Textile Cutting Machine Setters, Operators, and Tenders",1.25
51-6063.00,"Textile Knitting and Weaving Machine Setters, Operators, and Tenders",2.70
51-6064.00,"Textile Winding, Twisting, and Drawing Out Machine Setters, Operators, and Tenders",2.07
51-6091.00,"Extruding and Forming Machine Setters, Operators, and Tenders, Synthetic and Glass Fibers",1.02
51-6092.00,Fabric and Apparel Patternmakers,0.00
51-6093.00,Upholsterers,1.36
51-7011.00,Cabinetmakers and Bench Carpenters,0.60
51-7021.00,Furniture Finishers,1.46
51-7031.00,"Model Makers, Wood",1.29
51-7032.00,"Patternmakers, Wood",4.68
51-7041.00,"Sawing Machine Setters, Operators, and Tenders, Wood",4.12
51-7042.00,"Woodworking Machine Setters, Operators, and Tenders, Except Sawing",3.90
51-8011.00,Nuclear Power Reactor Operators,8.07
51-8012.00,Power Distributors and Dispatchers,6.14
51-8013.00,Power Plant Operators,12.13
51-8013.03,Biomass Plant Technicians,15.57
51-8013.04,Hydroelectric Plant Technicians,16.86
51-8021.00,Stationary Engineers and Boiler Operators,7.09
51-8031.00,Water and Wastewater Treatment Plant and System Operators,2.17
51-8091.00,Chemical Plant and System Operators,4.21
51-8092.00,Gas Plant Operators,7.86
51-8093.00,"Petroleum Pump System Operators, Refinery Operators, and Gaugers",5.34
51-8099.01,Biofuels Processing Technicians,17.93
51-9011.00,Chemical Equipment Operators and Tenders,4.28
51-9012.00,"Separating, Filtering, Clarifying, Precipitating, and Still Machine Setters, Operators, and Tenders",5.43
51-9021.00,"Crushing, Grinding, and Polishing Machine Setters, Operators, and Tenders",3.87
51-9022.00,"Grinding and Polishing Workers, Hand",1.83
51-9023.00,"Mixing and Blending Machine Setters, Operators, and Tenders",2.20
51-9031.00,"Cutters and Trimmers, Hand",3.50
51-9032.00,"Cutting and Slicing Machine Setters, Operators, and Tenders",3.40
51-9041.00,"Extruding, Forming, Pressing, and Compacting Machine Setters, Operators, and Tenders",6.23
51-9051.00,"Furnace, Kiln, Oven, Drier, and Kettle Operators and Tenders",2.86
51-9061.00,"Inspectors, Testers, Sorters, Samplers, and Weighers",5.44
51-9071.00,Jewelers and Precious Stone and Metal Workers,4.28
51-9071.06,Gem and Diamond Workers,3.00
51-9081.00,Dental Laboratory Technicians,0.73
51-9082.00,Medical Appliance Technicians,1.64
51-9083.00,Ophthalmic Laboratory Technicians,1.00
51-9111.00,Packaging and Filling Machine Operators and Tenders,4.76
51-9123.00,"Painting, Coating, and Decorating Workers",4.50
51-9124.00,"Coating, Painting, and Spraying Machine Setters, Operators, and Tenders",3.64
51-9141.00,Semiconductor Processing Technicians,4.61
51-9151.00,Photographic Process Workers and Processing Machine Operators,2.62
51-9161.00,Computer Numerically Controlled Tool Operators,3.86
51-9162.00,Computer Numerically Controlled Tool Programmers,0.92
51-9191.00,Adhesive Bonding Machine Operators and Tenders,4.01
51-9192.00,"Cleaning, Washing, and Metal Pickling Equipment Operators and Tenders",4.23
51-9193.00,Cooling and Freezing Equipment Operators and Tenders,5.60
51-9194.00,Etchers and Engravers,5.00
51-9195.00,"Molders, Shapers, and Casters, Except Metal and Plastic",13.33
51-9195.03,"Stone Cutters and Carvers, Manufacturing",0.75
51-9195.04,"Glass Blowers, Molders, Benders, and Finishers",2.42
51-9195.05,"Potters, Manufacturing",2.95
51-9196.00,"Paper Goods Machine Setters, Operators, and Tenders",1.66
51-9197.00,Tire Builders,2.00
51-9198.00,Helpers--Production Workers,7.41
53-1041.00,Aircraft Cargo Handling Supervisors,0.56
53-1042.00,"First-Line Supervisors of Helpers, Laborers, and Material Movers, Hand",2.37
53-1042.01,Recycling Coordinators,19.49
53-1043.00,First-Line Supervisors of Material-Moving Machine and Vehicle Operators,3.44
53-2011.00,"Airline Pilots, Copilots, and Flight Engineers",0.63
53-2012.00,Commercial Pilots,1.25
53-2021.00,Air Traffic Controllers,0.79
53-2022.00,Airfield Operations Specialists,2.71
53-2031.00,Flight Attendants,0.33
53-3011.00,"Ambulance Drivers and Attendants, Except Emergency Medical Technicians",2.14
53-3031.00,Driver/Sales Workers,2.42
53-3032.00,Heavy and Tractor-Trailer Truck Drivers,7.36
53-3033.00,Light Truck Drivers,2.10
53-3052.00,"Bus Drivers, Transit and Intercity",3.45
53-4011.00,Locomotive Engineers,0.74
53-4013.00,"Rail Yard Engineers, Dinkey Operators, and Hostlers",4.26
53-4022.00,"Railroad Brake, Signal, and Switch Operators and Locomotive Firers",5.57
53-4031.00,Railroad Conductors and Yardmasters,1.79
53-4041.00,Subway and Streetcar Operators,0.92
53-5011.00,Sailors and Marine Oilers,6.00
53-5021.00,"Captains, Mates, and Pilots of Water Vessels",2.30
53-5022.00,Motorboat Operators,2.89
53-5031.00,Ship Engineers,1.44
53-6011.00,Bridge and Lock Tenders,1.85
53-6021.00,Parking Attendants,4.66
53-6031.00,Automotive and Watercraft Service Attendants,1.94
53-6041.00,Traffic Technicians,3.19
53-6051.00,Transportation Inspectors,2.58
53-6051.01,Aviation Inspectors,0.33
53-6051.07,"Transportation Vehicle, Equipment and Systems Inspectors, Except Aviation",7.75
53-6061.00,Passenger Attendants,1.80
53-7011.00,Conveyor Operators and Tenders,5.89
53-7021.00,Crane and Tower Operators,0.93
53-7031.00,Dredge Operators,0.20
53-7041.00,Hoist and Winch Operators,1.25
53-7051.00,Industrial Truck and Tractor Operators,1.19
53-7061.00,Cleaners of Vehicles and Equipment,4.79
53-7062.00,"Laborers and Freight, Stock, and Material Movers, Hand",4.39
53-7062.04,Recycling and Reclamation Workers,13.64
53-7063.00,Machine Feeders and Offbearers,3.61
53-7064.00,"Packers and Packagers, Hand",4.17
53-7065.00,Stockers and Order Fillers,9.64
53-7071.00,Gas Compressor and Gas Pumping Station Operators,4.01
53-7072.00,"Pump Operators, Except Wellhead Pumpers",4.34
53-7073.00,Wellhead Pumpers,4.12
53-7081.00,Refuse and Recyclable Material Collectors,9.88
53-7121.00,"Tank Car, Truck, and Ship Loaders",5.85